match_id,gameDuration,gameVersion,puuid,summonerName,championName,teamId,win,kills,deaths,assists,goldEarned,totalDamageDealtToChampions,visionScore,totalMinionsKilled,champLevel,role
NA1_5315016403,1682,15.13.693.1306,04jvm1XPMFlENcJ-ebTmmMiMUoB86FUg5UZREITiehVIc3Y38emUIEynHW1csuAs_9D1-SVTJtz1tg,,Vayne,100,True,9,4,7,13901,25751,11,209,18,TOP
NA1_5315016403,1682,15.13.693.1306,W5wqNLbMFEPhrOYEDXgal-MHFRdYxbwYG7irhMm-w-dVnI4zxfq8x6PLXQCCxuSjvpE3Xl5kZveiAQ,,Nidalee,100,True,11,4,16,15568,20405,31,28,17,JUNGLE
NA1_5315016403,1682,15.13.693.1306,wGEE93Jo0jd-r94_xTi-imXjoAn8iFEgco-rnONNfiehqDzpbirCSvvf6UurrrXPs_0PuX7OTbunqg,,Kassadin,100,True,6,4,7,11794,23150,12,203,17,MIDDLE
NA1_5315016403,1682,15.13.693.1306,B0wSbYuwfx9HZrDmWHcLP0o5bBZjL5B_gUikOGx9sTxDkRGWqwgyxcs-Mas0VW5lSftt20Td8nyDSQ,,Twitch,100,True,21,7,9,18120,41399,10,204,17,BOTTOM
NA1_5315016403,1682,15.13.693.1306,9hq-qhv3rzPpcBKTWVPU-exyWkoR-UFUlLQLGahxLyq58ib4JDniRLy1lFMYDGI8Rhmms8J80JpgYA,,Alistar,100,True,0,9,15,7504,7354,78,15,12,UTILITY
NA1_5315016403,1682,15.13.693.1306,-6a7brNPEBH9JbRovpMDQYp3c7IlR76j9L3acdLBu6dxwbWjURnjzkhFFY6qMs-EqYJtClSWmEuNcA,,MonkeyKing,200,False,2,10,6,9043,18084,6,171,14,TOP
NA1_5315016403,1682,15.13.693.1306,bU4KNJTjv6pKyvpX6vvqA864Guf2mZIooFb5bHKtqQ8LNY9rKv_WB8IApkdcjz5rAolbifrzzghq6A,,Karthus,200,False,9,12,6,15690,36704,17,51,16,JUNGLE
NA1_5315016403,1682,15.13.693.1306,DJa83Dzvis1CEzsDkWXE1Av6P4h5yDtJPbVksGZAP14-hYLHq8j9bNIE1vqCqa6AuboCiPf2hHkzOg,,Ryze,200,False,5,6,3,12049,21698,18,249,17,MIDDLE
NA1_5315016403,1682,15.13.693.1306,476xOHODwXYEsW8ucyCcuZYBEQwZ2I6UVz3kq4qYwUWstg9pQdCkdRcRgF2tI3TN2GvmVkh6AYWOnA,,Samira,200,False,11,10,5,13342,23196,13,150,14,BOTTOM
NA1_5315016403,1682,15.13.693.1306,pafxce7llnJDUsQJQ83p2QDy8hIYPzUVLkDkWUo8ow57aTRJJIRhet-Zl_MeUuO80jb1hCx7S_Aptg,,Gragas,200,False,1,9,11,7002,9411,66,15,12,UTILITY
NA1_5314997608,1919,15.13.693.1306,-oViaVmuxUj_a1YikPiR63OoSDNzHme8cTfU3_tMvyVXnR9dA7kSxCrD-_GehBQmqkWwdkLo8kR74w,,Camille,100,False,4,8,12,11775,23562,29,178,16,TOP
NA1_5314997608,1919,15.13.693.1306,OQ2CMrrBcUuBJNRrosAKM9Sn2JLvX5SNPHcaakKwS0jnG-3aDB6JNRvJttFwfMo1FDaNMPkw7fL1Ng,,Nidalee,100,False,10,5,10,14850,25068,25,29,16,JUNGLE
NA1_5314997608,1919,15.13.693.1306,CbeCi1w0UQv5T4n9LhJAul7LGbe-gcyRmQKkO04Qt4aO3msrQdiN4eSxbjxhbsJ5vYuRTaZ719b5-A,,Syndra,100,False,8,8,7,14847,32865,12,210,16,MIDDLE
NA1_5314997608,1919,15.13.693.1306,EKYaD0Iygs0JIU6YxXb0ZiKZXSZ5GgyveGPWhP4kDar7IrATu7BUEfv-SUnuuR7uzvt67jKJ4pnWNQ,,Aphelios,100,False,8,7,8,13604,34926,18,196,15,BOTTOM
NA1_5314997608,1919,15.13.693.1306,TWn6OgHo3JMR4pDuPBlnqRKGHgM1QwJ8_FQOVDr4X2RPX0txUurc9xc57veK0uQ8twLKptRAjP7l4Q,,Alistar,100,False,2,3,21,9390,11777,93,18,15,UTILITY
NA1_5314997608,1919,15.13.693.1306,04jvm1XPMFlENcJ-ebTmmMiMUoB86FUg5UZREITiehVIc3Y38emUIEynHW1csuAs_9D1-SVTJtz1tg,,Vayne,200,True,14,7,4,16108,38237,21,191,16,TOP
NA1_5314997608,1919,15.13.693.1306,TJve0CH28wS_4BQ4b0I0qnuxXRXpCG4xSVuLBUoI_YQmQTBKAqdqXaEsI1rn6JBc8J5RW8tyiZ3Akg,,Ambessa,200,True,9,7,11,14359,27472,28,28,17,JUNGLE
NA1_5314997608,1919,15.13.693.1306,3cYR2VFVC5QM9GoYu9djc6oFmDSzXMYymImQ8jdiwQT2WyPAjY77UZFV5SWBzuJ5QXvsN3qi8hznsA,,Zac,200,True,2,7,16,10267,18633,23,119,15,MIDDLE
NA1_5314997608,1919,15.13.693.1306,mi2MKVOCTy7fOHWzP6EBuz28nHNKgBaDh8_W6sKzfUPdVhfgCXAQnnjorqgPMV8q0xdItJ_ZmijVqg,,Sivir,200,True,5,6,16,15396,40998,35,294,16,BOTTOM
NA1_5314997608,1919,15.13.693.1306,8lzXMLZaknIk-NI-HXODBSRJ7Tbpts8v-_Cedjm75Z5Gc6j-C0I9BnlF1uC9a7uTaHX1wykiTIaKIA,,Nami,200,True,1,5,20,8828,15486,79,7,14,UTILITY
NA1_5314971849,928,15.13.693.1306,04jvm1XPMFlENcJ-ebTmmMiMUoB86FUg5UZREITiehVIc3Y38emUIEynHW1csuAs_9D1-SVTJtz1tg,,Nidalee,100,True,1,1,5,6775,15140,9,131,11,TOP
NA1_5314971849,928,15.13.693.1306,TJve0CH28wS_4BQ4b0I0qnuxXRXpCG4xSVuLBUoI_YQmQTBKAqdqXaEsI1rn6JBc8J5RW8tyiZ3Akg,,Ambessa,100,True,7,1,10,8325,11852,12,7,10,JUNGLE
NA1_5314971849,928,15.13.693.1306,aHI23Co8BPG79QqGB6yn6N4Dhr1l033FS9XR9GpQdM8Evs0IygCOMKt5gSqqiYGFzx21H4H_gzzwtA,,Leblanc,100,True,7,2,9,8278,12208,9,124,11,MIDDLE
NA1_5314971849,928,15.13.693.1306,mi2MKVOCTy7fOHWzP6EBuz28nHNKgBaDh8_W6sKzfUPdVhfgCXAQnnjorqgPMV8q0xdItJ_ZmijVqg,,Varus,100,True,4,4,10,6647,12817,11,119,10,BOTTOM
NA1_5314971849,928,15.13.693.1306,WQXTqXcM8P8KcXB7_PoBDira0pFiQLXaCa1cSZGtLOIYLutuBbgzJJupFAsxeeJCLIQMmMTjHZpfvg,,Pyke,100,True,9,4,5,6714,9432,19,14,9,UTILITY
NA1_5314971849,928,15.13.693.1306,tQBbRJKw91ZN5dPSzUdTvd7Wnw1u6BXvJhTbfnER9FHL09hitcA-Dv4psw3JqXr9gglZyFtdZAyTEQ,,Jax,200,False,1,3,0,4510,11680,7,96,10,TOP
NA1_5314971849,928,15.13.693.1306,xoU6MiGyAGejKIetnhm5yK_-6wjlUj0bhhnLgcNPc4A2ZS9kbLPnKJCUImjiQ_JGUoPVTMk9mQ20Ow,,Qiyana,200,False,8,5,1,7956,11133,14,9,10,JUNGLE
NA1_5314971849,928,15.13.693.1306,3cYR2VFVC5QM9GoYu9djc6oFmDSzXMYymImQ8jdiwQT2WyPAjY77UZFV5SWBzuJ5QXvsN3qi8hznsA,,Zac,200,False,0,7,1,3198,3005,5,43,9,MIDDLE
NA1_5314971849,928,15.13.693.1306,t_rEzvIdnPJgMk_wPhIaUmRyxxfP7dqy5nXSamNtoAzkQx_J4MVjw0H2zpGajvo3LgA24Hlfd5GQZg,,Aphelios,200,False,0,7,7,5228,10734,8,113,9,BOTTOM
NA1_5314971849,928,15.13.693.1306,a-__panKMHT_lXvBXcKhBnfRBh2TpGKqqMVpIZgyBaU4xqyZkiNDfe3R-pB060qq5s6leREiZ1ys6Q,,Morgana,200,False,3,7,6,4916,3997,14,11,8,UTILITY
NA1_5314935661,910,15.13.693.1306,04jvm1XPMFlENcJ-ebTmmMiMUoB86FUg5UZREITiehVIc3Y38emUIEynHW1csuAs_9D1-SVTJtz1tg,,Vayne,100,True,5,2,4,6888,11172,8,85,10,TOP
NA1_5314935661,910,15.13.693.1306,bU4KNJTjv6pKyvpX6vvqA864Guf2mZIooFb5bHKtqQ8LNY9rKv_WB8IApkdcjz5rAolbifrzzghq6A,,JarvanIV,100,True,2,1,10,6092,6217,11,4,10,JUNGLE
NA1_5314935661,910,15.13.693.1306,-O9rRNfvLYPcWk0zx_NbhjUyzF1XD2Bs_n1OTNj-noUVnqwDx-jlncpETEjK5W3BOjjf08fVWQAP4w,,Neeko,100,True,7,2,5,7706,8397,6,117,11,MIDDLE
NA1_5314935661,910,15.13.693.1306,t_rEzvIdnPJgMk_wPhIaUmRyxxfP7dqy5nXSamNtoAzkQx_J4MVjw0H2zpGajvo3LgA24Hlfd5GQZg,,Aphelios,100,True,7,2,2,8061,10145,16,120,10,BOTTOM
NA1_5314935661,910,15.13.693.1306,Sxv7nxiyv2-H4qXtt7ML9TNZenj6yQbAwABaqouljMjyULaEHCFqfYNRB8I1daC0MpP2tf3-KGY9Ow,,Bard,100,True,3,1,11,6025,6662,17,11,8,UTILITY
NA1_5314935661,910,15.13.693.1306,-oViaVmuxUj_a1YikPiR63OoSDNzHme8cTfU3_tMvyVXnR9dA7kSxCrD-_GehBQmqkWwdkLo8kR74w,,Jax,200,False,2,5,1,5640,6426,5,97,9,TOP
NA1_5314935661,910,15.13.693.1306,e6rmU0O4q1Im4JepRlSHj7dPSkB-KfIBkLCdTtbU_Uf-N9C9RNIzQgnEudZmddRN3DsOfr3lHnYydg,,Nidalee,200,False,4,4,2,6699,8811,16,13,9,JUNGLE
NA1_5314935661,910,15.13.693.1306,PjFa7vRnr_qlrMAQmiwoUJB21ZCZd3hiMstaLdc0-YFzPyDIIbLQgXgvX6Ef6NB9zhw_7fVhiwf9ig,,Aurora,200,False,1,5,2,4797,5850,3,102,9,MIDDLE
NA1_5314935661,910,15.13.693.1306,B0wSbYuwfx9HZrDmWHcLP0o5bBZjL5B_gUikOGx9sTxDkRGWqwgyxcs-Mas0VW5lSftt20Td8nyDSQ,,Ashe,200,False,0,6,1,4366,4650,11,101,8,BOTTOM
NA1_5314935661,910,15.13.693.1306,IbukvXXUgRF1IEMsj-lNaUEUxMw5kzPQrYidjdqNXSHnEXCx6Ava9GDSvt8U5eEj52Bf_q5EVYoQFA,,Blitzcrank,200,False,1,4,3,3862,4815,18,17,7,UTILITY
NA1_5314905819,1513,15.13.693.1306,04jvm1XPMFlENcJ-ebTmmMiMUoB86FUg5UZREITiehVIc3Y38emUIEynHW1csuAs_9D1-SVTJtz1tg,,Riven,100,True,9,2,5,12296,21716,16,187,16,TOP
NA1_5314905819,1513,15.13.693.1306,wGEE93Jo0jd-r94_xTi-imXjoAn8iFEgco-rnONNfiehqDzpbirCSvvf6UurrrXPs_0PuX7OTbunqg,,Volibear,100,True,2,3,11,10957,12658,25,22,15,JUNGLE
NA1_5314905819,1513,15.13.693.1306,Y6Zyl1RCy-So8v-2-PYmufTqdpaO3WJC64iEJHHKSIGqwOJ-VL8cO21WSC-CUhSWW5oLzwlH5TRwAA,,TwistedFate,100,True,8,3,9,15566,28293,27,231,16,MIDDLE
NA1_5314905819,1513,15.13.693.1306,dB8rlAQuoEW8RUUviPIlw9EZ5d0BOm-0tdHZR5oAoGNYR9yt6S9wNe94ccXKWd_1FxKPqqInu9KAZA,,Senna,100,True,6,2,9,10758,15187,21,158,14,BOTTOM
NA1_5314905819,1513,15.13.693.1306,TWn6OgHo3JMR4pDuPBlnqRKGHgM1QwJ8_FQOVDr4X2RPX0txUurc9xc57veK0uQ8twLKptRAjP7l4Q,,Alistar,100,True,2,5,11,6814,3559,61,28,11,UTILITY
NA1_5314905819,1513,15.13.693.1306,Ep8kAqK5QJsNF3yW3vJoC2qgVsW3mHCsskM9e2WY8HzfbGlJLriYs2e1oA9ltf7N-F1EuO7nemCzzw,,Quinn,200,False,5,11,2,9362,12910,26,161,13,TOP
NA1_5314905819,1513,15.13.693.1306,e6rmU0O4q1Im4JepRlSHj7dPSkB-KfIBkLCdTtbU_Uf-N9C9RNIzQgnEudZmddRN3DsOfr3lHnYydg,,Jax,200,False,2,6,6,9191,12096,24,35,13,JUNGLE
NA1_5314905819,1513,15.13.693.1306,PjFa7vRnr_qlrMAQmiwoUJB21ZCZd3hiMstaLdc0-YFzPyDIIbLQgXgvX6Ef6NB9zhw_7fVhiwf9ig,,Zoe,200,False,2,3,6,8696,23085,14,184,13,MIDDLE
NA1_5314905819,1513,15.13.693.1306,t_rEzvIdnPJgMk_wPhIaUmRyxxfP7dqy5nXSamNtoAzkQx_J4MVjw0H2zpGajvo3LgA24Hlfd5GQZg,,Smolder,200,False,5,3,3,11100,28748,24,217,13,BOTTOM
NA1_5314905819,1513,15.13.693.1306,3nVjHH0xW-jhPzoR-ayLIz93d0YLimD0wMgTjisbqPdmq6zHeY-1vy388r1nEc_yaBW2ta7EI3f0_g,,Karma,200,False,1,4,10,6373,7476,49,18,11,UTILITY
NA1_5314858937,1706,15.13.693.1306,04jvm1XPMFlENcJ-ebTmmMiMUoB86FUg5UZREITiehVIc3Y38emUIEynHW1csuAs_9D1-SVTJtz1tg,,Riven,100,True,16,3,11,16720,33863,14,215,18,TOP
NA1_5314858937,1706,15.13.693.1306,-O9rRNfvLYPcWk0zx_NbhjUyzF1XD2Bs_n1OTNj-noUVnqwDx-jlncpETEjK5W3BOjjf08fVWQAP4w,,Vayne,100,True,9,5,14,13570,20395,19,17,17,JUNGLE
NA1_5314858937,1706,15.13.693.1306,brrbiYYOiu_l26NpXtV7hMdr8nqUrJ10pqewuvdPLMtqh9rID0H3LQucBoFFDoV6JViylgkdlPGovg,,Mel,100,True,7,4,14,13985,22652,22,225,17,MIDDLE
NA1_5314858937,1706,15.13.693.1306,g5OtI3szClTQ1rAxXJXjngX7aZGIKwigEl-IB8dXDIA7ud9fnDuw5b8Gkq54Ui9fNT1SZsBqA1AdGw,,Xayah,100,True,8,3,6,14017,23145,18,206,16,BOTTOM
NA1_5314858937,1706,15.13.693.1306,ieuKiVwwcWP2FYl0E7KT_RbBmFa8fLHioo5FfpbUFSsTuzt5Sg7YetxmM-dlAej_84udGhJm4u3QJg,,Poppy,100,True,4,5,15,9604,9407,87,17,13,UTILITY
NA1_5314858937,1706,15.13.693.1306,-Amq5NqQA_3b7-e8HayZF8RurxWrGsP9p5Se_lR0JxlrLyfFJze4aGXYd8P4E2mvrPJxOE-hQhbJ8Q,,Camille,200,False,4,9,4,10809,15735,16,182,15,TOP
NA1_5314858937,1706,15.13.693.1306,e6rmU0O4q1Im4JepRlSHj7dPSkB-KfIBkLCdTtbU_Uf-N9C9RNIzQgnEudZmddRN3DsOfr3lHnYydg,,LeeSin,200,False,5,11,4,10971,11436,34,22,14,JUNGLE
NA1_5314858937,1706,15.13.693.1306,kqY-YDgPAVCh-gtmc_6gmaJ8paoslbWZtSLihHbfab17JUrNJDKIoFMiSPlzc5jJGVA6dRP0lkz7YA,,Ahri,200,False,2,8,5,10126,12772,28,213,15,MIDDLE
NA1_5314858937,1706,15.13.693.1306,e46j-6iS4bSC3UtW-1u_yNLFhsz4C5FwVVxE_3JBI4VDNC_8JlJWzoSExCnljbhPSnVbh22oI3p8zg,,Corki,200,False,7,7,3,13619,25035,21,246,14,BOTTOM
NA1_5314858937,1706,15.13.693.1306,TWn6OgHo3JMR4pDuPBlnqRKGHgM1QwJ8_FQOVDr4X2RPX0txUurc9xc57veK0uQ8twLKptRAjP7l4Q,,Nautilus,200,False,2,9,8,7513,7349,71,27,12,UTILITY
NA1_5314821691,1696,15.13.693.1306,-kRRfsnwXRugGSrHkpmAJsnLlaKwgx1dS6Zm9_CH_bAdK_S1N9OLrPrQVvShzTC2Os5NA5dm3Wyyjg,,Ambessa,100,True,5,4,7,11468,21937,27,224,16,TOP
NA1_5314821691,1696,15.13.693.1306,E33PeI2J5eR9Cu5fCmv_zRgNHH1dzQV9bFSUi-XuE0KbgoWeLFXldA11-4syODX62xVP8v9X8GMrug,,Pantheon,100,True,14,5,9,14563,26353,36,30,16,JUNGLE
NA1_5314821691,1696,15.13.693.1306,PjFa7vRnr_qlrMAQmiwoUJB21ZCZd3hiMstaLdc0-YFzPyDIIbLQgXgvX6Ef6NB9zhw_7fVhiwf9ig,,Hwei,100,True,5,4,9,12269,17917,28,215,16,MIDDLE
NA1_5314821691,1696,15.13.693.1306,t_rEzvIdnPJgMk_wPhIaUmRyxxfP7dqy5nXSamNtoAzkQx_J4MVjw0H2zpGajvo3LgA24Hlfd5GQZg,,Smolder,100,True,4,2,15,14346,24427,22,257,17,BOTTOM
NA1_5314821691,1696,15.13.693.1306,Sxv7nxiyv2-H4qXtt7ML9TNZenj6yQbAwABaqouljMjyULaEHCFqfYNRB8I1daC0MpP2tf3-KGY9Ow,,Bard,100,True,3,6,15,8715,12880,80,21,12,UTILITY
NA1_5314821691,1696,15.13.693.1306,04jvm1XPMFlENcJ-ebTmmMiMUoB86FUg5UZREITiehVIc3Y38emUIEynHW1csuAs_9D1-SVTJtz1tg,,Kayle,200,False,3,9,3,10755,17619,19,205,15,TOP
NA1_5314821691,1696,15.13.693.1306,e6rmU0O4q1Im4JepRlSHj7dPSkB-KfIBkLCdTtbU_Uf-N9C9RNIzQgnEudZmddRN3DsOfr3lHnYydg,,LeeSin,200,False,6,5,8,12838,19029,43,26,15,JUNGLE
NA1_5314821691,1696,15.13.693.1306,brrbiYYOiu_l26NpXtV7hMdr8nqUrJ10pqewuvdPLMtqh9rID0H3LQucBoFFDoV6JViylgkdlPGovg,,Syndra,200,False,5,5,6,10868,18776,21,209,15,MIDDLE
NA1_5314821691,1696,15.13.693.1306,e46j-6iS4bSC3UtW-1u_yNLFhsz4C5FwVVxE_3JBI4VDNC_8JlJWzoSExCnljbhPSnVbh22oI3p8zg,,Jhin,200,False,2,5,5,10181,16360,17,224,13,BOTTOM
NA1_5314821691,1696,15.13.693.1306,TWn6OgHo3JMR4pDuPBlnqRKGHgM1QwJ8_FQOVDr4X2RPX0txUurc9xc57veK0uQ8twLKptRAjP7l4Q,,Nautilus,200,False,5,7,6,7563,8565,79,23,11,UTILITY
NA1_5314792726,1408,15.13.693.1306,340Ehb2O6ik9QgN7hLVdAjLDDOw0AQ-QdEZmiE-1-55pbgCsRrYEGcExrqdDucmrkSW4aahZVjc_oQ,,Renekton,100,True,2,5,9,8418,13964,13,130,13,TOP
NA1_5314792726,1408,15.13.693.1306,e6rmU0O4q1Im4JepRlSHj7dPSkB-KfIBkLCdTtbU_Uf-N9C9RNIzQgnEudZmddRN3DsOfr3lHnYydg,,LeeSin,100,True,15,1,12,13046,26767,36,25,14,JUNGLE
NA1_5314792726,1408,15.13.693.1306,DyACLN5U46PbgRqqwnAEFugj0BrdNVeMgwMaRirtj_RNOxVX8epH8uOxQmRVFggzz_rDPj-JFcLtyg,,Hwei,100,True,7,1,17,12130,23191,26,217,15,MIDDLE
NA1_5314792726,1408,15.13.693.1306,dB8rlAQuoEW8RUUviPIlw9EZ5d0BOm-0tdHZR5oAoGNYR9yt6S9wNe94ccXKWd_1FxKPqqInu9KAZA,,Sivir,100,True,6,1,13,11170,16258,13,197,14,BOTTOM
NA1_5314792726,1408,15.13.693.1306,PjFa7vRnr_qlrMAQmiwoUJB21ZCZd3hiMstaLdc0-YFzPyDIIbLQgXgvX6Ef6NB9zhw_7fVhiwf9ig,,Karma,100,True,2,1,24,7270,11050,61,10,11,UTILITY
NA1_5314792726,1408,15.13.693.1306,04jvm1XPMFlENcJ-ebTmmMiMUoB86FUg5UZREITiehVIc3Y38emUIEynHW1csuAs_9D1-SVTJtz1tg,,Riven,200,False,6,6,0,10521,21097,14,180,14,TOP
NA1_5314792726,1408,15.13.693.1306,E33PeI2J5eR9Cu5fCmv_zRgNHH1dzQV9bFSUi-XuE0KbgoWeLFXldA11-4syODX62xVP8v9X8GMrug,,Volibear,200,False,1,8,2,6826,10413,26,18,11,JUNGLE
NA1_5314792726,1408,15.13.693.1306,1MYalL-ENeve3PKQXxd8CE1_QMrDMDdikEXkr7-3hr3eaLfhIuQ14OBFwawDTDhFeYoVzo8qWjemzQ,,TwistedFate,200,False,0,7,3,7682,9248,13,146,13,MIDDLE
NA1_5314792726,1408,15.13.693.1306,SFeRENGewEos9YXN14kZf4ru6cxJEn3RG3uS00RCR7k29wlIut_j6VldKDC1jX3FPOvac1NEt63-Cg,,MissFortune,200,False,2,3,1,8957,14749,17,204,12,BOTTOM
NA1_5314792726,1408,15.13.693.1306,rizqSRVcDKQDjjJpqqmyEYKPH43e0v3WH9mr-gTaMkR3jdonb5sYk3ZjuyTBSN-_7jGy5Oe9E6BX-w,,Rell,200,False,0,8,5,5250,4497,67,24,9,UTILITY
NA1_5314762473,1685,15.13.693.1306,04jvm1XPMFlENcJ-ebTmmMiMUoB86FUg5UZREITiehVIc3Y38emUIEynHW1csuAs_9D1-SVTJtz1tg,,Nidalee,100,False,6,3,2,12504,25000,21,212,15,TOP
NA1_5314762473,1685,15.13.693.1306,q5I9HH7FYXhbIgHT9sw-IfUISziNdze2XF-ZSPouwQdi5Qtid0AzSNsgYf4U6ftKuDKGlWN1yIFRbA,,JarvanIV,100,False,7,6,9,12446,20029,24,9,14,JUNGLE
NA1_5314762473,1685,15.13.693.1306,A_nJHT1BACE9zcPs9AxZMwMrLW1DkvLVOnt-RZsgSCa4tLcBbFeUF1Em_74psE0-tCutT_sckFgQZA,,Kennen,100,False,6,8,7,10886,20176,21,181,14,MIDDLE
NA1_5314762473,1685,15.13.693.1306,e46j-6iS4bSC3UtW-1u_yNLFhsz4C5FwVVxE_3JBI4VDNC_8JlJWzoSExCnljbhPSnVbh22oI3p8zg,,Kaisa,100,False,2,7,2,9531,10751,23,198,13,BOTTOM
NA1_5314762473,1685,15.13.693.1306,dB8rlAQuoEW8RUUviPIlw9EZ5d0BOm-0tdHZR5oAoGNYR9yt6S9wNe94ccXKWd_1FxKPqqInu9KAZA,,Rakan,100,False,0,9,6,6152,4104,62,29,11,UTILITY
NA1_5314762473,1685,15.13.693.1306,DyACLN5U46PbgRqqwnAEFugj0BrdNVeMgwMaRirtj_RNOxVX8epH8uOxQmRVFggzz_rDPj-JFcLtyg,,Vladimir,200,True,1,5,11,11299,21064,19,203,16,TOP
NA1_5314762473,1685,15.13.693.1306,e6rmU0O4q1Im4JepRlSHj7dPSkB-KfIBkLCdTtbU_Uf-N9C9RNIzQgnEudZmddRN3DsOfr3lHnYydg,,Poppy,200,True,3,3,15,10740,16331,33,17,15,JUNGLE
NA1_5314762473,1685,15.13.693.1306,PjFa7vRnr_qlrMAQmiwoUJB21ZCZd3hiMstaLdc0-YFzPyDIIbLQgXgvX6Ef6NB9zhw_7fVhiwf9ig,,Zoe,200,True,7,6,11,11351,28418,19,192,15,MIDDLE
NA1_5314762473,1685,15.13.693.1306,t_rEzvIdnPJgMk_wPhIaUmRyxxfP7dqy5nXSamNtoAzkQx_J4MVjw0H2zpGajvo3LgA24Hlfd5GQZg,,Ezreal,200,True,22,1,5,17705,52576,25,209,16,BOTTOM
NA1_5314762473,1685,15.13.693.1306,r7iEpQn_8hqz1O69VEFIEQjrz-F55RPh9sIAvhwVAEgucdmvH7Y9Xm9MkfJajrZniEsv1XrKNX1nug,,Karma,200,True,0,6,22,8485,11542,50,20,13,UTILITY
NA1_5314716909,1398,15.13.693.1306,r7iEpQn_8hqz1O69VEFIEQjrz-F55RPh9sIAvhwVAEgucdmvH7Y9Xm9MkfJajrZniEsv1XrKNX1nug,,Neeko,100,False,1,8,1,7379,8305,15,164,13,TOP
NA1_5314716909,1398,15.13.693.1306,tsl6NP735KCVSReUoG6pyj_2eIcAzHStXUH_H7-3IFtPjgGaJd2QXGdvd_9xhOQHqr3szuF5KexZqQ,,MonkeyKing,100,False,6,3,2,10313,14746,16,8,12,JUNGLE
NA1_5314716909,1398,15.13.693.1306,PjFa7vRnr_qlrMAQmiwoUJB21ZCZd3hiMstaLdc0-YFzPyDIIbLQgXgvX6Ef6NB9zhw_7fVhiwf9ig,,Zoe,100,False,2,2,4,8588,19260,9,201,13,MIDDLE
NA1_5314716909,1398,15.13.693.1306,dB8rlAQuoEW8RUUviPIlw9EZ5d0BOm-0tdHZR5oAoGNYR9yt6S9wNe94ccXKWd_1FxKPqqInu9KAZA,,Varus,100,False,2,6,4,8208,17968,19,179,12,BOTTOM
NA1_5314716909,1398,15.13.693.1306,XwY4_V9KTpQW-rIAjmw9dvAdHLqTa8BthQNBwsDhAyW9y6tG16cuFy8ds_AjvRVYdoWesy2qk-VcSQ,,Renata,100,False,0,3,10,6278,7805,61,31,11,UTILITY
NA1_5314716909,1398,15.13.693.1306,04jvm1XPMFlENcJ-ebTmmMiMUoB86FUg5UZREITiehVIc3Y38emUIEynHW1csuAs_9D1-SVTJtz1tg,,Riven,200,True,11,0,3,12513,17374,12,182,15,TOP
NA1_5314716909,1398,15.13.693.1306,j1wwmoyNjyynLX-S7ZV8nR7aFFdKIb-gfcPtKVgmYL9IKBHyD3bC8LYRsFoF5iy3uuTGT1b3gCYzFA,,Pantheon,200,True,5,5,6,9192,13833,37,10,14,JUNGLE
NA1_5314716909,1398,15.13.693.1306,e46j-6iS4bSC3UtW-1u_yNLFhsz4C5FwVVxE_3JBI4VDNC_8JlJWzoSExCnljbhPSnVbh22oI3p8zg,,Nidalee,200,True,2,1,9,8650,14694,22,195,14,MIDDLE
NA1_5314716909,1398,15.13.693.1306,l-sKfrJljDm_AZbKquZ3UMc4yA3lGL14VP4d1W68JAn_AVh3-d9KXNurQaB2hjSEz6HA9PqG0t4xIA,,Aphelios,200,True,4,2,7,9619,15793,11,188,14,BOTTOM
NA1_5314716909,1398,15.13.693.1306,rizqSRVcDKQDjjJpqqmyEYKPH43e0v3WH9mr-gTaMkR3jdonb5sYk3ZjuyTBSN-_7jGy5Oe9E6BX-w,,Lulu,200,True,0,3,16,6296,5457,65,29,11,UTILITY
NA1_5314481303,2366,15.13.692.4165,G5Mn4lRX8o1hh8_k-lKjjU3ybKpxT3DUPfQxU20EVzBs7E6Z2KYkiRMzVjXrLTwjIKBngQ8A01VEwA,,Fiora,100,True,6,7,3,17042,22383,22,284,18,TOP
NA1_5314481303,2366,15.13.692.4165,PSLv_qTxVOFr8AEVOFzcaPMhLNn86KDkKYNt0tkdkiAJsoxKWWAU9l8NbotQ4gfo3YXhkArJPIAioQ,,Talon,100,True,17,8,9,20710,40619,25,49,18,JUNGLE
NA1_5314481303,2366,15.13.692.4165,DJa83Dzvis1CEzsDkWXE1Av6P4h5yDtJPbVksGZAP14-hYLHq8j9bNIE1vqCqa6AuboCiPf2hHkzOg,,Hwei,100,True,1,7,21,14002,28351,31,256,18,MIDDLE
NA1_5314481303,2366,15.13.692.4165,Y4apAQsuvsmnYY0G2rdAHVjXJu9C306UifR3JGfBqefnSbZexNV0hgZlxiv7VFeril6u8iItW7omsQ,,Vayne,100,True,7,8,18,17886,39864,27,281,18,BOTTOM
NA1_5314481303,2366,15.13.692.4165,iCbGBSxcqDvJC2l_G1z4OAkngi3wX-hfjw4h6IToISP0DV2g3oZ1GTNthIKAEhXrjRjhvTVihS0VQA,,Janna,100,True,3,4,21,10973,9063,105,31,16,UTILITY
NA1_5314481303,2366,15.13.692.4165,BX_bpmJqZpUUNWX5zDQlUn36-ArbrjkKCqQpD9E_8YQa1Qj9B4k7X2LfIN_Nv-MyTW-p5l8GP-AD4w,,Ambessa,200,False,6,4,12,15817,37888,41,255,18,TOP
NA1_5314481303,2366,15.13.692.4165,JCq9c4Cssqwbf1TzxZI93xtuA5gaGjR5ho6Sv1Pms3FTcPOKP9cGkjAt2UwnycE-K-iB5w1S2Oj1MA,,Nunu,200,False,4,7,19,13494,21034,33,32,18,JUNGLE
NA1_5314481303,2366,15.13.692.4165,04jvm1XPMFlENcJ-ebTmmMiMUoB86FUg5UZREITiehVIc3Y38emUIEynHW1csuAs_9D1-SVTJtz1tg,,Riven,200,False,17,5,8,19767,35786,31,281,18,MIDDLE
NA1_5314481303,2366,15.13.692.4165,h05ExrOSORKyeROswg6Q1_tpioENBOpxJ6mL-2un4kI7OG2nhXnjfVwQcKxETQslqZX4cvrtWfo0Fw,,Jinx,200,False,5,8,7,15506,26940,16,286,17,BOTTOM
NA1_5314481303,2366,15.13.692.4165,tCzc5B95XVMT61E07gDjCixJjqtaVTiwbm7mbYwmhuhV8Verts7tudq1Foh2-_giZCHcAfuqWAIbeA,,Senna,200,False,0,10,21,10439,8916,68,35,16,UTILITY
NA1_5314463601,1629,15.13.692.4165,mky3svmVqndYGEuOmDjByypbW9hST0TEV17bA3HDTUBDe47_aNxfX_157RdCWIu7qtly6m7uAVkEkg,,Jayce,100,True,7,3,4,13432,19437,26,248,17,TOP
NA1_5314463601,1629,15.13.692.4165,cZFATTSd-WZI5ZaetD9GxyA8Fz3U8uMcPWrLsmVu06-p5k-99Hm8QwvRIrldvZmOijkE64N8ASythA,,Zac,100,True,14,2,10,14499,25104,19,63,17,JUNGLE
NA1_5314463601,1629,15.13.692.4165,04jvm1XPMFlENcJ-ebTmmMiMUoB86FUg5UZREITiehVIc3Y38emUIEynHW1csuAs_9D1-SVTJtz1tg,,Riven,100,True,13,3,7,15056,29831,22,206,18,MIDDLE
NA1_5314463601,1629,15.13.692.4165,F2FAEIVqPPxyctRruAmVmvhTwCqREcI_6p37iPZSfXvH0m4iwREGqj8BmatGKxLVHnxGJEVqGhC4dg,,Viktor,100,True,11,5,23,13303,35321,20,162,16,BOTTOM
NA1_5314463601,1629,15.13.692.4165,VfU-HdtBCA82OPIQnKS8OXsneYKZB_d_p4qiPZSCf-vqdWA-kO3ClA60yVCJ_fCiNkFkmNthqtyfhQ,,Neeko,100,True,3,5,17,9113,9778,56,32,13,UTILITY
NA1_5314463601,1629,15.13.692.4165,LXKHbTrb-JzaKjhZBORXBp0d8x0RxInfg2f4VCDyJ6VDw_8-7W1Sg528GuQMZghSM5FaaJIMBV8umA,,Ambessa,200,False,1,8,3,8519,13255,8,171,14,TOP
NA1_5314463601,1629,15.13.692.4165,lWkwH0QwAaLzJn3SVz-eCD58RzOAeKWNCt0AFsvpmVGgwZDoMx6iYRC_-z3BQoRegaCTeXzlu1cwaQ,,Volibear,200,False,5,6,6,11102,15199,23,34,14,JUNGLE
NA1_5314463601,1629,15.13.692.4165,DJa83Dzvis1CEzsDkWXE1Av6P4h5yDtJPbVksGZAP14-hYLHq8j9bNIE1vqCqa6AuboCiPf2hHkzOg,,Ryze,200,False,5,6,1,12406,20539,18,259,17,MIDDLE
NA1_5314463601,1629,15.13.692.4165,Y4apAQsuvsmnYY0G2rdAHVjXJu9C306UifR3JGfBqefnSbZexNV0hgZlxiv7VFeril6u8iItW7omsQ,,Kaisa,200,False,5,12,4,10939,16662,20,191,13,BOTTOM
NA1_5314463601,1629,15.13.692.4165,VyUqYm7crzuXwFyf72CtuWoAXl29otozqzurvnhE8qeup6cI6uK-sxJUcdFyMzE8mOIOrFDZPJAZag,,Diana,200,False,2,16,7,7586,19461,67,39,12,UTILITY
NA1_5314458118,1983,15.13.692.4165,04jvm1XPMFlENcJ-ebTmmMiMUoB86FUg5UZREITiehVIc3Y38emUIEynHW1csuAs_9D1-SVTJtz1tg,,Riven,100,True,19,3,5,19083,36106,24,241,18,TOP
NA1_5314458118,1983,15.13.692.4165,F8LHYkDXZQrB6mucRC3nDErXBP2Q9z0S72L0Ar_Dnc2_FWsVZiisxL1vICyxfMIK_wUqrUK5R34G1g,,Belveth,100,True,9,3,12,17644,21941,42,55,18,JUNGLE
NA1_5314458118,1983,15.13.692.4165,DJa83Dzvis1CEzsDkWXE1Av6P4h5yDtJPbVksGZAP14-hYLHq8j9bNIE1vqCqa6AuboCiPf2hHkzOg,,Aurora,100,True,4,5,13,13426,25547,24,250,18,MIDDLE
NA1_5314458118,1983,15.13.692.4165,F2FAEIVqPPxyctRruAmVmvhTwCqREcI_6p37iPZSfXvH0m4iwREGqj8BmatGKxLVHnxGJEVqGhC4dg,,Kaisa,100,True,2,5,8,12736,18530,20,245,17,BOTTOM
NA1_5314458118,1983,15.13.692.4165,OUaNiYWW-9gQRd3SrrnEYHImFeVIohfKx7CmZ6ow7TqG33XbJ1sMZ-HDv2z2z9W633MvDehRWCSrYQ,,Shaco,100,True,0,2,10,9240,18173,84,51,15,UTILITY
NA1_5314458118,1983,15.13.692.4165,LXKHbTrb-JzaKjhZBORXBp0d8x0RxInfg2f4VCDyJ6VDw_8-7W1Sg528GuQMZghSM5FaaJIMBV8umA,,Ambessa,200,False,2,10,1,11031,11475,18,202,16,TOP
NA1_5314458118,1983,15.13.692.4165,2JeqAEtsUnLpqbu_be0iewJYqXl8AwimGYZXNyYfk8hvUemc9RFmUEZchw2adyx8vbDRSrwnEWGLwg,,Nidalee,200,False,4,11,7,11053,15791,26,20,15,JUNGLE
NA1_5314458118,1983,15.13.692.4165,l1NHlCeLawH113Znx5jGpHC8kDhSodqGVSpQz3a5vLjPB3ZTgCrxNflYBKT-GWH8tsRWlehvaOJIUw,,Azir,200,False,1,6,8,14347,22281,19,291,18,MIDDLE
NA1_5314458118,1983,15.13.692.4165,Y4apAQsuvsmnYY0G2rdAHVjXJu9C306UifR3JGfBqefnSbZexNV0hgZlxiv7VFeril6u8iItW7omsQ,,Vayne,200,False,11,3,5,18301,39505,23,289,16,BOTTOM
NA1_5314458118,1983,15.13.692.4165,iCbGBSxcqDvJC2l_G1z4OAkngi3wX-hfjw4h6IToISP0DV2g3oZ1GTNthIKAEhXrjRjhvTVihS0VQA,,Janna,200,False,0,4,16,8586,4964,89,18,15,UTILITY
NA1_5314451837,1585,15.13.692.4165,mky3svmVqndYGEuOmDjByypbW9hST0TEV17bA3HDTUBDe47_aNxfX_157RdCWIu7qtly6m7uAVkEkg,,Jayce,100,False,0,11,4,8268,17725,12,166,14,TOP
NA1_5314451837,1585,15.13.692.4165,gAFba-hTJBjWzf0-xzOl3swESvibhsE-aOcSG9sCwPaBSSt8WjaPA-f4S6PIw38iedJJmsheoHnJWA,,Gwen,100,False,5,8,3,12646,19866,24,56,15,JUNGLE
NA1_5314451837,1585,15.13.692.4165,QZviTWgk9iD-kChT8Ir9e7dmq4X71QZKGXKP67iAB0BaEJk5Q0Ek7P3gJI13qk6u2KRwsUQoituOxQ,,Varus,100,False,5,11,0,11347,18792,17,194,14,MIDDLE
NA1_5314451837,1585,15.13.692.4165,PLsKgygd8uyVI6up2rGtTrg-FdNQDtT52lyL95QQv29gpAVBmg-X6_PzzGN9As4qM6rtnQ24mcmY0A,,Aphelios,100,False,2,3,1,9855,18423,8,224,13,BOTTOM
NA1_5314451837,1585,15.13.692.4165,LPVIG1JStEnop2wnpNmKkE7a_z2gBlQMV3cpLop3KJwhxKitlmMFwp9NlCbodNv6dgGIAaZSSLeU8A,,Sona,100,False,0,5,1,5844,6009,53,28,12,UTILITY
NA1_5314451837,1585,15.13.692.4165,tv7XV0L1vVEyL0DFSGNCHSe8Ubll6LlGrzFUrEEZcE2Elx-3_FBTWdyU_dKM_uz4Ld6wbTzE7_QhZA,,Vladimir,200,True,10,3,6,12913,28318,17,195,17,TOP
NA1_5314451837,1585,15.13.692.4165,Amv385JRGxGCA0ycacUAEmTYW14utac6aBilxwJq6hVrid7F2hQmeLMp7ut0Imqt2Fw80P8dt6xbhg,,Elise,200,True,14,4,4,14425,17756,21,23,17,JUNGLE
NA1_5314451837,1585,15.13.692.4165,04jvm1XPMFlENcJ-ebTmmMiMUoB86FUg5UZREITiehVIc3Y38emUIEynHW1csuAs_9D1-SVTJtz1tg,,Riven,200,True,12,4,8,14143,24348,19,199,17,MIDDLE
NA1_5314451837,1585,15.13.692.4165,gyklcJaS_1D0fSJRNzAmEnuPmI6oVVH-8fh1eLa9WQ9u37C1UUst6DxPb4iG43Y-3LXkLZ5ImGcnNg,,Sivir,200,True,2,1,5,11362,13330,11,235,15,BOTTOM
NA1_5314451837,1585,15.13.692.4165,W-2ElpyxJLCx_gEd6xXfweyCkAab1fkzATW4uz52sCSiDg3s9AD8ex4_GNJg1ZgGnsOx7kIXY5WzBg,,Milio,200,True,0,0,17,8400,4683,59,10,14,UTILITY
NA1_5314440882,1859,15.13.692.4165,ggtEwLowlnUy2ObcZfV_cfaGspF3m4KRwTzBuq2ExNfomFg4ycuLC7E87GVXsaniObslpKsH11GJug,,Nasus,100,False,2,10,3,10404,18400,13,183,15,TOP
NA1_5314440882,1859,15.13.692.4165,C9Nu-l7So9HpH0vvBpHyodULEFPGaWQTtj0e2QV-4Ex_xDHoPr4-SJCG4Xu93I23hMsuUteL-AD2Hw,,Nidalee,100,False,8,5,1,13049,25848,16,28,15,JUNGLE
NA1_5314440882,1859,15.13.692.4165,04jvm1XPMFlENcJ-ebTmmMiMUoB86FUg5UZREITiehVIc3Y38emUIEynHW1csuAs_9D1-SVTJtz1tg,,Riven,100,False,8,6,4,14516,26913,31,239,16,MIDDLE
NA1_5314440882,1859,15.13.692.4165,CcR1SA1v0Y72MAO2iRtOmINPa-reu9FVqMDm3rJirysAYV4YoEKcPL7f91UVOduNMZ3NtUWnuRWuXA,,Varus,100,False,2,6,6,11861,20884,22,234,14,BOTTOM
NA1_5314440882,1859,15.13.692.4165,TWn6OgHo3JMR4pDuPBlnqRKGHgM1QwJ8_FQOVDr4X2RPX0txUurc9xc57veK0uQ8twLKptRAjP7l4Q,,Alistar,100,False,0,5,13,8007,5805,95,29,12,UTILITY
NA1_5314440882,1859,15.13.692.4165,-oViaVmuxUj_a1YikPiR63OoSDNzHme8cTfU3_tMvyVXnR9dA7kSxCrD-_GehBQmqkWwdkLo8kR74w,,Jayce,200,True,7,7,15,14074,39884,17,234,17,TOP
NA1_5314440882,1859,15.13.692.4165,W5wqNLbMFEPhrOYEDXgal-MHFRdYxbwYG7irhMm-w-dVnI4zxfq8x6PLXQCCxuSjvpE3Xl5kZveiAQ,,LeeSin,200,True,11,3,16,15956,27454,37,32,17,JUNGLE
NA1_5314440882,1859,15.13.692.4165,Pz1WLHt9lVYBVzZ5WyydV8ol7Uhv6znzzEtNinGQKWv7jicPvXIn-NmU3nh4prDRm3-z9fhVxE8P-A,,TwistedFate,200,True,6,5,12,13814,27934,19,224,17,MIDDLE
NA1_5314440882,1859,15.13.692.4165,Y4apAQsuvsmnYY0G2rdAHVjXJu9C306UifR3JGfBqefnSbZexNV0hgZlxiv7VFeril6u8iItW7omsQ,,Vayne,200,True,7,5,13,14052,27462,18,226,15,BOTTOM
NA1_5314440882,1859,15.13.692.4165,JbrvVHwen0hW-U9QDC__sU6MSZ6-fsW36scXm_ACC6NlKMOU-dvBnHNuEfg9_LXapKTdhp7k4VAGkg,,Milio,200,True,1,0,22,8420,6807,60,23,15,UTILITY
NA1_5314400100,1632,15.13.692.4165,ozqIGKflnwVIP6pGkJyY3lg3De0ouGTiXBfxHpQEaaQ6FzJpT395fIFt1OpIPogE9u3K9l1DbhMWhQ,,Gangplank,100,False,3,6,5,12150,19386,20,216,15,TOP
NA1_5314400100,1632,15.13.692.4165,EYGigFPBofGmQRFmwkvtknL_AcLTMz-3Kk8gC6eOxjAq78qgytXF69RLi7B4IyPbEGi56ooSmO3FDA,,LeeSin,100,False,4,7,7,9137,11303,29,12,12,JUNGLE
NA1_5314400100,1632,15.13.692.4165,mi2MKVOCTy7fOHWzP6EBuz28nHNKgBaDh8_W6sKzfUPdVhfgCXAQnnjorqgPMV8q0xdItJ_ZmijVqg,,Zoe,100,False,1,6,6,8865,21347,21,192,14,MIDDLE
NA1_5314400100,1632,15.13.692.4165,CcR1SA1v0Y72MAO2iRtOmINPa-reu9FVqMDm3rJirysAYV4YoEKcPL7f91UVOduNMZ3NtUWnuRWuXA,,Aphelios,100,False,6,6,4,13273,13592,21,213,14,BOTTOM
NA1_5314400100,1632,15.13.692.4165,UY3AkWHH0zvC1sRlzZA-E0UUky8UNIyT6pMmVNl57O4-Cvi_9DlDgHDyPPi6z_oB7YHgEMwPMdWFmA,,Thresh,100,False,0,3,13,6621,5423,86,40,11,UTILITY
NA1_5314400100,1632,15.13.692.4165,qCSK8Qk0_qx9MkcEAm5kfvzwvc8zFRdSHjB5Ou4HhsbXw5x7DpcY0rNpb8Z-EwXAP7BljYeuzoS41A,,Riven,200,True,8,4,5,12896,31632,23,220,16,TOP
NA1_5314400100,1632,15.13.692.4165,e6rmU0O4q1Im4JepRlSHj7dPSkB-KfIBkLCdTtbU_Uf-N9C9RNIzQgnEudZmddRN3DsOfr3lHnYydg,,Poppy,200,True,3,2,14,11398,15858,32,14,16,JUNGLE
NA1_5314400100,1632,15.13.692.4165,04jvm1XPMFlENcJ-ebTmmMiMUoB86FUg5UZREITiehVIc3Y38emUIEynHW1csuAs_9D1-SVTJtz1tg,,Kayle,200,True,8,3,6,14191,21616,18,218,17,MIDDLE
NA1_5314400100,1632,15.13.692.4165,Y4apAQsuvsmnYY0G2rdAHVjXJu9C306UifR3JGfBqefnSbZexNV0hgZlxiv7VFeril6u8iItW7omsQ,,Ashe,200,True,8,2,7,14240,18336,30,220,15,BOTTOM
NA1_5314400100,1632,15.13.692.4165,dB8rlAQuoEW8RUUviPIlw9EZ5d0BOm-0tdHZR5oAoGNYR9yt6S9wNe94ccXKWd_1FxKPqqInu9KAZA,,Braum,200,True,1,4,17,8297,7367,83,30,13,UTILITY
NA1_5314370641,1870,15.13.692.4165,ozqIGKflnwVIP6pGkJyY3lg3De0ouGTiXBfxHpQEaaQ6FzJpT395fIFt1OpIPogE9u3K9l1DbhMWhQ,,Jax,100,True,19,5,6,19669,44375,33,241,18,TOP
NA1_5314370641,1870,15.13.692.4165,EYGigFPBofGmQRFmwkvtknL_AcLTMz-3Kk8gC6eOxjAq78qgytXF69RLi7B4IyPbEGi56ooSmO3FDA,,Rammus,100,True,4,4,24,12800,17205,34,6,17,JUNGLE
NA1_5314370641,1870,15.13.692.4165,KZeK429FHwl-y5TNCT13dkPGP1Cc9Zb_rTyCj9r9XC3b60Mh4ZAMAxX5MsII9Y6S_5hg6KxjxRsQuw,,Akali,100,True,10,9,7,13333,32700,24,211,18,MIDDLE
NA1_5314370641,1870,15.13.692.4165,Y4apAQsuvsmnYY0G2rdAHVjXJu9C306UifR3JGfBqefnSbZexNV0hgZlxiv7VFeril6u8iItW7omsQ,,Zeri,100,True,7,4,13,16381,34733,43,289,18,BOTTOM
NA1_5314370641,1870,15.13.692.4165,dB8rlAQuoEW8RUUviPIlw9EZ5d0BOm-0tdHZR5oAoGNYR9yt6S9wNe94ccXKWd_1FxKPqqInu9KAZA,,Lulu,100,True,1,7,21,9060,10520,90,22,15,UTILITY
NA1_5314370641,1870,15.13.692.4165,04jvm1XPMFlENcJ-ebTmmMiMUoB86FUg5UZREITiehVIc3Y38emUIEynHW1csuAs_9D1-SVTJtz1tg,,Riven,200,False,6,8,4,16103,23080,14,243,17,TOP
NA1_5314370641,1870,15.13.692.4165,PD52ixQZzaArEr0szCJk_2JOwIZvZX2YlkFn476lvKMVCmBlYzLf40VpM8Yka2hlEc1l2Tsu1NBlVg,,Belveth,200,False,9,11,4,11977,16712,32,17,15,JUNGLE
NA1_5314370641,1870,15.13.692.4165,e6rmU0O4q1Im4JepRlSHj7dPSkB-KfIBkLCdTtbU_Uf-N9C9RNIzQgnEudZmddRN3DsOfr3lHnYydg,,Sylas,200,False,8,7,5,13714,35587,18,235,17,MIDDLE
NA1_5314370641,1870,15.13.692.4165,4dRQTy1hBRetPIE1rjShvz8UZlw17003RAP_q_YY7s9joLFkYFClHtEJ4YfGPQwJ0U2HoSV43pYvBQ,,Sivir,200,False,3,8,9,12418,17712,10,254,15,BOTTOM
NA1_5314370641,1870,15.13.692.4165,PFrcOEwEQ5YrD9H84zVENAFMNPwJryxsAsyBVT9Bv6h0c7es80DdfsNN1U2Hu7BiwxjV3C9GWLgY0Q,,Rakan,200,False,3,8,7,7907,9297,88,30,13,UTILITY
NA1_5314345179,1558,15.13.692.4165,04jvm1XPMFlENcJ-ebTmmMiMUoB86FUg5UZREITiehVIc3Y38emUIEynHW1csuAs_9D1-SVTJtz1tg,,Riven,100,False,8,10,2,10654,23734,15,172,14,TOP
NA1_5314345179,1558,15.13.692.4165,EYGigFPBofGmQRFmwkvtknL_AcLTMz-3Kk8gC6eOxjAq78qgytXF69RLi7B4IyPbEGi56ooSmO3FDA,,LeeSin,100,False,4,6,8,9380,17515,23,19,13,JUNGLE
NA1_5314345179,1558,15.13.692.4165,mi2MKVOCTy7fOHWzP6EBuz28nHNKgBaDh8_W6sKzfUPdVhfgCXAQnnjorqgPMV8q0xdItJ_ZmijVqg,,Zoe,100,False,8,6,7,10970,30774,19,167,13,MIDDLE
NA1_5314345179,1558,15.13.692.4165,t_rEzvIdnPJgMk_wPhIaUmRyxxfP7dqy5nXSamNtoAzkQx_J4MVjw0H2zpGajvo3LgA24Hlfd5GQZg,,Aphelios,100,False,7,6,8,10426,23935,18,173,13,BOTTOM
NA1_5314345179,1558,15.13.692.4165,YfHivSyuCoGqNvextpz7w7uug5QF_Be7GiJQsKw3HDrUZO52IESnZ4knzTdRCh1XCo0AEhTa2p_7ag,,Zilean,100,False,1,8,16,6865,4245,63,21,11,UTILITY
NA1_5314345179,1558,15.13.692.4165,340Ehb2O6ik9QgN7hLVdAjLDDOw0AQ-QdEZmiE-1-55pbgCsRrYEGcExrqdDucmrkSW4aahZVjc_oQ,,Renekton,200,True,9,4,6,12888,19936,23,208,16,TOP
NA1_5314345179,1558,15.13.692.4165,e6rmU0O4q1Im4JepRlSHj7dPSkB-KfIBkLCdTtbU_Uf-N9C9RNIzQgnEudZmddRN3DsOfr3lHnYydg,,Nidalee,200,True,11,1,15,14350,26452,30,32,16,JUNGLE
NA1_5314345179,1558,15.13.692.4165,PD52ixQZzaArEr0szCJk_2JOwIZvZX2YlkFn476lvKMVCmBlYzLf40VpM8Yka2hlEc1l2Tsu1NBlVg,,Katarina,200,True,3,11,12,7071,20345,16,69,13,MIDDLE
NA1_5314345179,1558,15.13.692.4165,n6zVEuDf6abwe6midRMB1me4NkI_IFpDH8b5Vsf-Q3yk9wmLdguOxViJhORk28eTh7hH7t1zq8VAwQ,,Varus,200,True,8,5,16,12620,29304,20,209,15,BOTTOM
NA1_5314345179,1558,15.13.692.4165,dB8rlAQuoEW8RUUviPIlw9EZ5d0BOm-0tdHZR5oAoGNYR9yt6S9wNe94ccXKWd_1FxKPqqInu9KAZA,,Nautilus,200,True,5,7,20,7791,11571,63,16,13,UTILITY
NA1_5314305530,1653,15.13.692.4165,VFZovKilTNSeI6Au_E5seAH5vPPHZ01ZQMmnvaQOOQ_l5n6rabtwhgf4FVgd06nci6arjhlY4MR4TA,,Sion,100,True,2,2,15,11552,26436,24,232,17,TOP
NA1_5314305530,1653,15.13.692.4165,ieuKiVwwcWP2FYl0E7KT_RbBmFa8fLHioo5FfpbUFSsTuzt5Sg7YetxmM-dlAej_84udGhJm4u3QJg,,Nidalee,100,True,9,5,13,14170,34545,23,29,16,JUNGLE
NA1_5314305530,1653,15.13.692.4165,sQqofW9ksABYrw6QSVf4QuGYygMiLBgQCx_g0zBdGlFOXpvaUMS4FU_eNuteqpqRVaKhg5T6nA6Ueg,,Corki,100,True,5,6,7,13157,16791,32,253,16,MIDDLE
NA1_5314305530,1653,15.13.692.4165,t_rEzvIdnPJgMk_wPhIaUmRyxxfP7dqy5nXSamNtoAzkQx_J4MVjw0H2zpGajvo3LgA24Hlfd5GQZg,,Tristana,100,True,13,6,8,15185,29618,31,215,15,BOTTOM
NA1_5314305530,1653,15.13.692.4165,rizqSRVcDKQDjjJpqqmyEYKPH43e0v3WH9mr-gTaMkR3jdonb5sYk3ZjuyTBSN-_7jGy5Oe9E6BX-w,,Nautilus,100,True,1,5,11,7631,8074,78,27,13,UTILITY
NA1_5314305530,1653,15.13.692.4165,ik0BbJdetOcHy1UbSNI0fGw0EvqF09MdixOz_yQX-k0DNUbwmAIwiuh8Y3Jy25pOBemYLrliSJt1Lg,,Tryndamere,200,False,3,5,2,11364,12281,16,228,16,TOP
NA1_5314305530,1653,15.13.692.4165,e6rmU0O4q1Im4JepRlSHj7dPSkB-KfIBkLCdTtbU_Uf-N9C9RNIzQgnEudZmddRN3DsOfr3lHnYydg,,Poppy,200,False,4,5,9,10283,14794,40,34,14,JUNGLE
NA1_5314305530,1653,15.13.692.4165,CbeCi1w0UQv5T4n9LhJAul7LGbe-gcyRmQKkO04Qt4aO3msrQdiN4eSxbjxhbsJ5vYuRTaZ719b5-A,,Syndra,200,False,6,7,10,13501,20612,12,197,16,MIDDLE
NA1_5314305530,1653,15.13.692.4165,04jvm1XPMFlENcJ-ebTmmMiMUoB86FUg5UZREITiehVIc3Y38emUIEynHW1csuAs_9D1-SVTJtz1tg,,Zeri,200,False,8,7,9,13055,30437,28,215,15,BOTTOM
NA1_5314305530,1653,15.13.692.4165,0_aHZR7cvUwGWErOAS97w8t-5YKEBPumOXpNxEwQofz7qnfgUpYS9Ba7T9iaEsza3mYZnxDQNAjquA,,Lulu,200,False,3,6,13,7845,10061,74,23,12,UTILITY
NA1_5314271162,1354,15.13.692.4165,TJve0CH28wS_4BQ4b0I0qnuxXRXpCG4xSVuLBUoI_YQmQTBKAqdqXaEsI1rn6JBc8J5RW8tyiZ3Akg,,Riven,100,True,5,7,7,9422,12168,12,146,14,MIDDLE
NA1_5314271162,1354,15.13.692.4165,EYGigFPBofGmQRFmwkvtknL_AcLTMz-3Kk8gC6eOxjAq78qgytXF69RLi7B4IyPbEGi56ooSmO3FDA,,LeeSin,100,True,15,2,13,13524,21892,33,8,15,JUNGLE
NA1_5314271162,1354,15.13.692.4165,-O9rRNfvLYPcWk0zx_NbhjUyzF1XD2Bs_n1OTNj-noUVnqwDx-jlncpETEjK5W3BOjjf08fVWQAP4w,,Neeko,100,True,3,4,13,10115,19418,19,181,15,TOP
NA1_5314271162,1354,15.13.692.4165,g5OtI3szClTQ1rAxXJXjngX7aZGIKwigEl-IB8dXDIA7ud9fnDuw5b8Gkq54Ui9fNT1SZsBqA1AdGw,,Tristana,100,True,7,4,8,11538,17776,12,184,13,BOTTOM
NA1_5314271162,1354,15.13.692.4165,rizqSRVcDKQDjjJpqqmyEYKPH43e0v3WH9mr-gTaMkR3jdonb5sYk3ZjuyTBSN-_7jGy5Oe9E6BX-w,,Alistar,100,True,1,1,21,6994,6190,62,20,11,UTILITY
NA1_5314271162,1354,15.13.692.4165,04jvm1XPMFlENcJ-ebTmmMiMUoB86FUg5UZREITiehVIc3Y38emUIEynHW1csuAs_9D1-SVTJtz1tg,,Vayne,200,False,3,4,5,7905,13238,18,173,13,TOP
NA1_5314271162,1354,15.13.692.4165,foK7TE4158_JGM3cX67PlnPymcOuzb9Bm20OQMPJnOQY8pY2i7SHatuXl46NZyGJ1MrGsePeJ6X7sA,,XinZhao,200,False,2,6,9,7497,8609,20,23,12,JUNGLE
NA1_5314271162,1354,15.13.692.4165,2cZOBzy5tWcKBRZm3ftsU-frQvfu9YTgtqVo_aeILN3xYoJAB1_408CKnqExhvPRfE0Lecz3eWJz7w,,Ekko,200,False,4,7,5,9226,15196,16,150,13,MIDDLE
NA1_5314271162,1354,15.13.692.4165,AAeDub_IHuyDNBanevbda46MjJQz5Zec0HmrKtyPGOlhe8r4VCvBriL6A8D4vLU4juPYQ8K3AHCs6w,,Jhin,200,False,6,5,4,10446,16728,27,186,13,BOTTOM
NA1_5314271162,1354,15.13.692.4165,hCgAkumQI9imUJxmoHZQQhgI2RkUOTbh7jkFMtn1-v_li2_tKG1x__59FpwBoEH034khDG5-bN38dw,,JarvanIV,200,False,3,9,9,6541,11353,61,25,9,UTILITY
NA1_5314230177,1623,15.13.692.4165,04jvm1XPMFlENcJ-ebTmmMiMUoB86FUg5UZREITiehVIc3Y38emUIEynHW1csuAs_9D1-SVTJtz1tg,,Riven,100,False,4,6,3,10256,20152,19,201,14,TOP
NA1_5314230177,1623,15.13.692.4165,OQ2CMrrBcUuBJNRrosAKM9Sn2JLvX5SNPHcaakKwS0jnG-3aDB6JNRvJttFwfMo1FDaNMPkw7fL1Ng,,Nidalee,100,False,7,6,2,11386,15533,40,21,14,JUNGLE
NA1_5314230177,1623,15.13.692.4165,-O9rRNfvLYPcWk0zx_NbhjUyzF1XD2Bs_n1OTNj-noUVnqwDx-jlncpETEjK5W3BOjjf08fVWQAP4w,,Vayne,100,False,6,7,2,9682,20553,13,162,13,MIDDLE
NA1_5314230177,1623,15.13.692.4165,CcR1SA1v0Y72MAO2iRtOmINPa-reu9FVqMDm3rJirysAYV4YoEKcPL7f91UVOduNMZ3NtUWnuRWuXA,,Senna,100,False,0,7,8,8365,11629,20,180,13,BOTTOM
NA1_5314230177,1623,15.13.692.4165,IrI8Y-BEDtQXxAggyjfz1EbPC03h3MblpDjNbNS2fyBKJwSqzZ8YbcS8IoXYMLDa688AEytIDkgeHg,,Nautilus,100,False,0,8,9,6216,5595,80,32,10,UTILITY
NA1_5314230177,1623,15.13.692.4165,-HAmNN_aY6IR29PjTurb5yRPWpKB1Gd0Jtz1s5s_ZyyWh0BMJOsMpUFodtZEsZzStMoWr0hGGeAASg,,Renekton,200,True,4,5,4,12324,19023,22,247,17,TOP
NA1_5314230177,1623,15.13.692.4165,KZeK429FHwl-y5TNCT13dkPGP1Cc9Zb_rTyCj9r9XC3b60Mh4ZAMAxX5MsII9Y6S_5hg6KxjxRsQuw,,Kindred,200,True,11,5,10,13949,26453,63,35,16,JUNGLE
NA1_5314230177,1623,15.13.692.4165,tQ3DaFJvVoREPG8BHpvJB9cRSoGP6ErrgCr0YDJDvrIT9j9OXWH0FFD2xL5z0K9RpHugeYzyHYHq-w,,Taliyah,200,True,3,2,16,10024,18995,22,147,15,MIDDLE
NA1_5314230177,1623,15.13.692.4165,dB8rlAQuoEW8RUUviPIlw9EZ5d0BOm-0tdHZR5oAoGNYR9yt6S9wNe94ccXKWd_1FxKPqqInu9KAZA,,Varus,200,True,16,2,10,16443,31282,25,228,16,BOTTOM
NA1_5314230177,1623,15.13.692.4165,0WuxGChTGycAPEetYFRPdt84OM-SHkSsVFyl17zIq2GZjE1nvPrqcVpzee2kPe1gUIjRRT4mQdzfVw,,Renata,200,True,0,3,28,8281,8070,76,26,13,UTILITY
NA1_5314009161,1964,15.13.691.9951,4uvk4SdSpWsd_GmN1pzOl5tfE_KnXm4yaHFoz5WJV03XgsGYBRPZ8vyWSbcoNNBEOoNbOm5OkIEH-Q,,Chogath,100,False,4,7,5,11684,20963,22,178,16,TOP
NA1_5314009161,1964,15.13.691.9951,xdajbFeap1P6XdBKn8qQZErd73qlI6BbRzOUftlCccJcVgbe1yynFQQA1WtFrzj2tNUBBWSzw3RFbA,,Graves,100,False,11,11,8,15463,26041,33,35,17,JUNGLE
NA1_5314009161,1964,15.13.691.9951,-P4tgg5idLx3zoTjLC9QlKt_4igdQWTnVbDoK9UJUWgLIh4uvznAZB4DO1hxZ8eDzfYraohlIbN1wg,,Kayle,100,False,4,6,10,13480,17969,18,215,17,MIDDLE
NA1_5314009161,1964,15.13.691.9951,SFeRENGewEos9YXN14kZf4ru6cxJEn3RG3uS00RCR7k29wlIut_j6VldKDC1jX3FPOvac1NEt63-Cg,,Lucian,100,False,8,4,16,15829,45074,41,265,16,BOTTOM
NA1_5314009161,1964,15.13.691.9951,P6yGSB7SdxOcoUjPMA1WklVp5ta-FdsPuQs4Qa_ztUaoRBbSaOd3FTjiHTPb74s5ZH_giSynMGiKnw,,Milio,100,False,3,6,21,9712,10488,78,17,14,UTILITY
NA1_5314009161,1964,15.13.691.9951,04jvm1XPMFlENcJ-ebTmmMiMUoB86FUg5UZREITiehVIc3Y38emUIEynHW1csuAs_9D1-SVTJtz1tg,,Riven,200,True,9,6,7,14814,30851,23,235,17,TOP
NA1_5314009161,1964,15.13.691.9951,mSaZT6GPwQktYtMZH8R3JZq7R_xY2DAFsjcyAFG0ybdo1bQJR5Bbd3xMVFwjJVRkJqEtu2HqVh_zaA,,JarvanIV,200,True,2,7,24,11059,19976,29,10,15,JUNGLE
NA1_5314009161,1964,15.13.691.9951,2lYbd8og2hV_16kerKBuAMoDgPE4GqM9Il8JrsXn5r6qivxiwkM0jC0b9XWnWRUIG5gGBdm62NOGgA,,Viktor,200,True,11,3,10,16940,49625,32,275,18,MIDDLE
NA1_5314009161,1964,15.13.691.9951,886a3bwmCANkZfjfFsRNZd8Mg5IONwAC8dn0O7mYEfCRqvNB3GlX0XFTmMeD8frTmr5WISbqWjgVYA,,Sivir,200,True,11,6,13,16788,48096,21,234,16,BOTTOM
NA1_5314009161,1964,15.13.691.9951,OgPp4YcEZwmHlkhphsqqCmr2OAiSnUCKC9DRYy5OO4GS58OwEir8iTdrcdIevCMfjjX2guptAbJEfw,,Alistar,200,True,1,8,22,8589,5679,102,20,14,UTILITY
NA1_5313983004,1679,15.13.691.9951,04jvm1XPMFlENcJ-ebTmmMiMUoB86FUg5UZREITiehVIc3Y38emUIEynHW1csuAs_9D1-SVTJtz1tg,,Riven,100,True,10,5,4,12084,27461,19,191,16,TOP
NA1_5313983004,1679,15.13.691.9951,D3ougVNjhrr8fZDPBh_wrvawMRud-LuYRE7D5wacd4qvnPAgDT9P_DqJBuQAaAjDRYR7XcllUFGgZA,,Ivern,100,True,2,2,17,11391,8573,26,13,15,JUNGLE
NA1_5313983004,1679,15.13.691.9951,GDoBIRiSc48BELq_UA-Vyuf5cGAcJ7meaUnLHGOQlggyiAf_2MyPr90L-jlvDK4jjokeqJ6OJbsOPQ,,Taliyah,100,True,5,6,14,11402,15966,17,131,15,MIDDLE
NA1_5313983004,1679,15.13.691.9951,SFeRENGewEos9YXN14kZf4ru6cxJEn3RG3uS00RCR7k29wlIut_j6VldKDC1jX3FPOvac1NEt63-Cg,,MissFortune,100,True,12,2,7,16495,40241,17,272,17,BOTTOM
NA1_5313983004,1679,15.13.691.9951,OgPp4YcEZwmHlkhphsqqCmr2OAiSnUCKC9DRYy5OO4GS58OwEir8iTdrcdIevCMfjjX2guptAbJEfw,,Nautilus,100,True,2,4,17,9360,9049,73,26,13,UTILITY
NA1_5313983004,1679,15.13.691.9951,j1wwmoyNjyynLX-S7ZV8nR7aFFdKIb-gfcPtKVgmYL9IKBHyD3bC8LYRsFoF5iy3uuTGT1b3gCYzFA,,Nidalee,200,False,3,7,4,10601,12806,7,178,14,TOP
NA1_5313983004,1679,15.13.691.9951,eY4MZaPThsSs_brLMddQJAEIFr0tRAm6HobJrNciP4lQudiKKNhkPsO4rx-IAKV6BRhRxtFP-Y4ieA,,Nunu,200,False,3,9,9,8876,9153,16,6,12,JUNGLE
NA1_5313983004,1679,15.13.691.9951,2lYbd8og2hV_16kerKBuAMoDgPE4GqM9Il8JrsXn5r6qivxiwkM0jC0b9XWnWRUIG5gGBdm62NOGgA,,Viktor,200,False,6,4,4,11698,18823,21,208,14,MIDDLE
NA1_5313983004,1679,15.13.691.9951,-P4tgg5idLx3zoTjLC9QlKt_4igdQWTnVbDoK9UJUWgLIh4uvznAZB4DO1hxZ8eDzfYraohlIbN1wg,,Kaisa,200,False,1,4,8,10522,15832,11,206,14,BOTTOM
NA1_5313983004,1679,15.13.691.9951,P6yGSB7SdxOcoUjPMA1WklVp5ta-FdsPuQs4Qa_ztUaoRBbSaOd3FTjiHTPb74s5ZH_giSynMGiKnw,,Pyke,200,False,6,8,3,9268,8056,81,24,11,UTILITY
NA1_5313956954,1553,15.13.691.9951,04jvm1XPMFlENcJ-ebTmmMiMUoB86FUg5UZREITiehVIc3Y38emUIEynHW1csuAs_9D1-SVTJtz1tg,,Riven,100,False,2,8,2,8103,9233,15,156,13,TOP
NA1_5313956954,1553,15.13.691.9951,RDwpM1Bdmy-VoBuJ-ZzBZCdJVNunueCxPqYWtM7cVXAj1Sf9uxW3xMHmaaVwMTa3KX38CtzhVUcK2A,,Pantheon,100,False,7,8,2,9408,12559,17,4,12,JUNGLE
NA1_5313956954,1553,15.13.691.9951,Pz1WLHt9lVYBVzZ5WyydV8ol7Uhv6znzzEtNinGQKWv7jicPvXIn-NmU3nh4prDRm3-z9fhVxE8P-A,,TwistedFate,100,False,8,2,7,13621,24336,16,221,16,MIDDLE
NA1_5313956954,1553,15.13.691.9951,_gjEz-AG_qERAUEFn4vh2h8cg-HpVq_xYmyoh0Hc01kupdVr4-Vtpoi3Zfv2j4ks5hCmxCOpscuSUw,,Lucian,100,False,5,7,10,10430,24108,20,169,12,BOTTOM
NA1_5313956954,1553,15.13.691.9951,OgPp4YcEZwmHlkhphsqqCmr2OAiSnUCKC9DRYy5OO4GS58OwEir8iTdrcdIevCMfjjX2guptAbJEfw,,Braum,100,False,2,9,13,7068,7371,64,23,11,UTILITY
NA1_5313956954,1553,15.13.691.9951,j1wwmoyNjyynLX-S7ZV8nR7aFFdKIb-gfcPtKVgmYL9IKBHyD3bC8LYRsFoF5iy3uuTGT1b3gCYzFA,,Nidalee,200,True,9,4,10,13727,24979,25,193,15,TOP
NA1_5313956954,1553,15.13.691.9951,E33PeI2J5eR9Cu5fCmv_zRgNHH1dzQV9bFSUi-XuE0KbgoWeLFXldA11-4syODX62xVP8v9X8GMrug,,Viego,200,True,16,1,15,15824,26923,36,40,16,JUNGLE
NA1_5313956954,1553,15.13.691.9951,rIMHAUZ-NXrPpfL5gcMCVMQ7K2E1sjnsxjJI7CvDD7WJzZHJJQG8YCrWF18Ln8CbfDpE5HYmjkzQEA,,Hwei,200,True,1,4,17,8935,18475,13,177,15,MIDDLE
NA1_5313956954,1553,15.13.691.9951,B0wSbYuwfx9HZrDmWHcLP0o5bBZjL5B_gUikOGx9sTxDkRGWqwgyxcs-Mas0VW5lSftt20Td8nyDSQ,,Twitch,200,True,7,9,10,10319,20998,11,121,12,BOTTOM
NA1_5313956954,1553,15.13.691.9951,qJvIuWGNE3y_xNJrJggWDDhvrWfCUR2ktpOjEPWwQdFX-N9ZBiPeOL5OCh3VyMelqm0YnOMoLypy1A,,Leona,200,True,1,6,21,7340,8916,92,27,11,UTILITY
NA1_5313932292,1921,15.13.691.9951,uPGdHUBMab2L3NrTjGhVWG8xQWlhZOhWhVHgCruYLxV9PiEtPYtmv95mY7LzgqaxyOxSM87BBMYL2Q,,Mordekaiser,100,False,4,10,4,11298,22021,14,186,15,TOP
NA1_5313932292,1921,15.13.691.9951,VtpEBKyLrE0-50U_ZN4Q551poZy7dFCaPRxl4ZsorV8HyNVNCMmQadhaW19JnTgMKEdo8juibPwweQ,,Ekko,100,False,10,7,7,14946,26219,37,52,15,JUNGLE
NA1_5313932292,1921,15.13.691.9951,2CeyiEvKZk92lRkTTzwJvm-Oq0Pf7YU0PWsv2gKbzXenMZm2_iDByLiMABBseQmPTpa6nTGTK1NKLQ,,Pantheon,100,False,2,10,13,10670,22496,12,203,15,MIDDLE
NA1_5313932292,1921,15.13.691.9951,lx5ETTHmfrxNxd9gPWvoYSqSOxoMyFkoZASflGZgUUZBIKgmYBrs6BeNUrCEGEi-ZYXUZSwUUxEb-g,,Urgot,100,False,8,8,8,12824,22500,22,208,15,BOTTOM
NA1_5313932292,1921,15.13.691.9951,UY3AkWHH0zvC1sRlzZA-E0UUky8UNIyT6pMmVNl57O4-Cvi_9DlDgHDyPPi6z_oB7YHgEMwPMdWFmA,,Bard,100,False,4,4,18,10054,21237,109,43,15,UTILITY
NA1_5313932292,1921,15.13.691.9951,04jvm1XPMFlENcJ-ebTmmMiMUoB86FUg5UZREITiehVIc3Y38emUIEynHW1csuAs_9D1-SVTJtz1tg,,Vayne,200,True,7,6,8,13233,43157,30,193,17,TOP
NA1_5313932292,1921,15.13.691.9951,XV5Q1ppTbJ14IfCoPIz_JNsFemKK8Xe699lHNh1eo9gkRADbj64a5IHvNTYU3YQsMKJyX-KqcfmYoA,,Viego,200,True,18,3,8,17848,38798,43,21,18,JUNGLE
NA1_5313932292,1921,15.13.691.9951,rHRtBLKxVNBKXglVTzu8WNemIiOttBQx-QEK2_ZHzUxAhE5dyjFpSXVxOQbfMRYO9laZHN7IfuKU6g,,Gragas,200,True,5,7,10,11442,20103,35,169,16,MIDDLE
NA1_5313932292,1921,15.13.691.9951,DXPZ35YhlbCLP-GNU_0GHt4pLCG8wHmrJNZD_t3dxRmPgVknoxq6hBvlAh3u5yQogHncf0lmmtkwtA,,Zyra,200,True,5,3,18,15280,34180,23,257,18,BOTTOM
NA1_5313932292,1921,15.13.691.9951,eY4MZaPThsSs_brLMddQJAEIFr0tRAm6HobJrNciP4lQudiKKNhkPsO4rx-IAKV6BRhRxtFP-Y4ieA,,Sona,200,True,3,9,25,10944,17257,75,28,15,UTILITY
NA1_5313921014,1648,15.13.691.9951,j1wwmoyNjyynLX-S7ZV8nR7aFFdKIb-gfcPtKVgmYL9IKBHyD3bC8LYRsFoF5iy3uuTGT1b3gCYzFA,,Nidalee,100,True,8,4,9,13520,24153,28,177,16,TOP
NA1_5313921014,1648,15.13.691.9951,rHRtBLKxVNBKXglVTzu8WNemIiOttBQx-QEK2_ZHzUxAhE5dyjFpSXVxOQbfMRYO9laZHN7IfuKU6g,,LeeSin,100,True,2,5,8,10494,9322,26,8,15,JUNGLE
NA1_5313921014,1648,15.13.691.9951,N-YjEQ97ioRZ0MFqznivYZ12XV3SVPQZZswYZV9fvqLresd30QR9EcSV8_iIiJuELdG234FyoHmsfw,,Lissandra,100,True,8,3,5,13447,18585,27,235,16,MIDDLE
NA1_5313921014,1648,15.13.691.9951,-P4tgg5idLx3zoTjLC9QlKt_4igdQWTnVbDoK9UJUWgLIh4uvznAZB4DO1hxZ8eDzfYraohlIbN1wg,,Sivir,100,True,6,3,13,13693,21249,16,235,16,BOTTOM
NA1_5313921014,1648,15.13.691.9951,UY3AkWHH0zvC1sRlzZA-E0UUky8UNIyT6pMmVNl57O4-Cvi_9DlDgHDyPPi6z_oB7YHgEMwPMdWFmA,,Pyke,100,True,6,5,10,10090,11888,71,35,13,UTILITY
NA1_5313921014,1648,15.13.691.9951,04jvm1XPMFlENcJ-ebTmmMiMUoB86FUg5UZREITiehVIc3Y38emUIEynHW1csuAs_9D1-SVTJtz1tg,,Riven,200,False,4,9,4,10082,14281,21,172,14,TOP
NA1_5313921014,1648,15.13.691.9951,XV5Q1ppTbJ14IfCoPIz_JNsFemKK8Xe699lHNh1eo9gkRADbj64a5IHvNTYU3YQsMKJyX-KqcfmYoA,,Viego,200,False,4,5,5,11237,14352,24,23,15,JUNGLE
NA1_5313921014,1648,15.13.691.9951,TURZ2XAvWXd36IYFTWNuCCpAN_HcOqtrpBoKlLh2tRylVSCQToMN1PMrcYL5h5ZsF7aYrwLYpUIm2w,,Xerath,200,False,6,2,4,12856,30254,16,250,16,MIDDLE
NA1_5313921014,1648,15.13.691.9951,P6yGSB7SdxOcoUjPMA1WklVp5ta-FdsPuQs4Qa_ztUaoRBbSaOd3FTjiHTPb74s5ZH_giSynMGiKnw,,Varus,200,False,4,9,8,9447,17216,21,161,14,BOTTOM
NA1_5313921014,1648,15.13.691.9951,O6CD27aw1-8lR5b_NdenF01y8Tkoptca1EDdUQgwEpPmb14XqqdDavjy4oNDIav2Xrs4vqgH8JvGUg,,Nami,200,False,2,5,12,7301,6166,50,37,11,UTILITY
